Cambridge, Massachusetts
Daly City, California
Paterson, New Jersey
Inglewood, California
El Monte, California
Norwalk, California
Berkeley, California
San Mateo, California
Elizabeth, New Jersey
Downey, California
Lowell, Massachusetts
El Cajon, California
Jersey City, New Jersey
Alexandria, Virginia
Costa Mesa, California
West Covina, California
Bridgeport, Connecticut
Hartford, Connecticut
Burbank, California
Allentown, Pennsylvania
Yonkers, New York
Garden Grove, California
Miami Gardens, Florida
Providence, Rhode Island
Santa Clara, California
New Haven, Connecticut
Vista, California
Torrance, California
Hialeah, Florida
Ventura, California
Sunnyvale, California
Rialto, California
Fullerton, California
Santa Maria, California
Pomona, California
Pasadena, California
Gresham, Oregon
Woodbridge, New Jersey
Renton, Washington
Salinas, California
Coral Springs, Florida
Pompano Beach, Florida
Newark, New Jersey
Clovis, California
Lakewood, New Jersey
Boulder, Colorado
Syracuse, New York
Hillsboro, Oregon
Orange, California
Clearwater, Florida
Oxnard, California
Huntington Beach, California
Santa Ana, California
Allen, Texas
Hollywood, Florida
Ann Arbor, Michigan
Clinton, Michigan
Waterbury, Connecticut
Richardson, Texas
Vacaville, California
Miramar, Florida
Antioch, California
Centennial, Colorado
Richmond, California
Edison, New Jersey
Glendale, California
Concord, California
Vallejo, California
Westminster, Colorado
Springfield, Massachusetts
West Jordan, Utah
Pembroke Pines, Florida
Manchester, New Hampshire
Everett, Washington
Bellevue, Washington
Murrieta, California
Kent, Washington
Warren, Michigan
Fort Lauderdale, Florida
Davie, Florida
West Valley City, Utah
Round Rock, Texas
Thornton, Colorado
Rochester, New York
Sparks, Nevada
Miami, Florida
Carrollton, Texas
Sterling Heights, Michigan
Lewisville, Texas
Escondido, California
Temecula, California
Worcester, Massachusetts
Elgin, Illinois
Visalia, California
Stamford, Connecticut
Carlsbad, California
Sandy Springs, Georgia
Arvada, Colorado
Naperville, Illinois
Lansing, Michigan
Corona, California
Tempe, Arizona
Rancho Cucamonga, California
Buffalo, New York
Fairfield, California
Oceanside, California
Santa Rosa, California
South Bend, Indiana
Simi Valley, California
Provo, Utah
Elk Grove, California
Lakewood, Colorado
Jurupa Valley, California
Modesto, California
Fontana, California
Roseville, California
Pasadena, Texas
Billings, Montana
Eugene, Oregon
Grand Rapids, Michigan
Aurora, Illinois
Odessa, Texas
Green Bay, Wisconsin
Hayward, California
Pearland, Texas
San Francisco, California
Vancouver, Washington
Mesquite, Texas
Evansville, Indiana
Greeley, Colorado
Peoria, Illinois
Boston, Massachusetts
Salem, Oregon
Fargo, North Dakota
Chula Vista, California
Tacoma, Washington
Ontario, California
Anaheim, California
Long Beach, California
College Station, Texas
League City, Texas
Moreno Valley, California
Hampton, Virginia
Wilmington, North Carolina
Saint Paul, Minnesota
Santa Clarita, California
Norfolk, Virginia
Killeen, Texas
Pueblo, Colorado
Lafayette, Louisiana
Minneapolis, Minnesota
Rochester, Minnesota
West Palm Beach, Florida
Thousand Oaks, California
High Point, North Carolina
Pittsburgh, Pennsylvania
Dayton, Ohio
Fort Collins, Colorado
Oakland, California
Murfreesboro, Tennessee
Cary, North Carolina
Tyler, Texas
Garland, Texas
McAllen, Texas
Glendale, Arizona
Richmond, Virginia
San Angelo, Texas
Springfield, Illinois
Honolulu, Hawaii
Olathe, Kansas
Washington, District of Columbia
San Bernardino, California
Topeka, Kansas
Stockton, California
Broken Arrow, Oklahoma
St. Petersburg, Florida
St. Louis, Missouri
Akron, Ohio
Gainesville, Florida
Davenport, Iowa
McKinney, Texas
Rockford, Illinois
Joliet, Illinois
Chandler, Arizona
Columbia, Missouri
Irvine, California
Palm Bay, Florida
Lakeland, Florida
Irving, Texas
Frisco, Texas
Gilbert, Arizona
Spokane, Washington
Newport News, Virginia
Cedar Rapids, Iowa
Plano, Texas
Tuscaloosa, Alabama
Wichita Falls, Texas
Grand Prairie, Texas
Victorville, California
North Charleston, South Carolina
Midland, Texas
Overland Park, Kansas
Sioux Falls, South Dakota
Las Cruces, New Mexico
Madison, Wisconsin
Cincinnati, Ohio
Fremont, California
Cleveland, Ohio
Independence, Missouri
Toledo, Ohio
Baltimore, Maryland
Riverside, California
Boise, Idaho
Beaumont, Texas
Springfield, Missouri
Seattle, Washington
Baton Rouge, Louisiana
Des Moines, Iowa
Waco, Texas
Lincoln, Nebraska
Denton, Texas
Lancaster, California
Arlington, Texas
Milwaukee, Wisconsin
Sacramento, California
North Las Vegas, Nevada
Clarksville, Tennessee
Knoxville, Tennessee
Tallahassee, Florida
Laredo, Texas
Amarillo, Texas
Savannah, Georgia
Henderson, Nevada
Orlando, Florida
Cape Coral, Florida
Palmdale, California
Abilene, Texas
Shreveport, Louisiana
Reno, Nevada
Surprise, Arizona
Charleston, South Carolina
Durham, North Carolina
Fort Wayne, Indiana
Jackson, Mississippi
Salt Lake City, Utah
Tampa, Florida
Fresno, California
Athens, Georgia
Little Rock, Arkansas
Port St. Lucie, Florida
Lubbock, Texas
Kansas City, Kansas
Greensboro, North Carolina
Winston-Salem, North Carolina
Brownsville, Texas
Omaha, Nebraska
Portland, Oregon
Atlanta, Georgia
Columbia, South Carolina
Philadelphia, Pennsylvania
Las Vegas, Nevada
Mesa, Arizona
Detroit, Michigan
Mobile, Alabama
Chattanooga, Tennessee
Raleigh, North Carolina
Birmingham, Alabama
Fayetteville, North Carolina
Bakersfield, California
Denver, Colorado
Aurora, Colorado
Montgomery, Alabama
Wichita, Kansas
New Orleans, Louisiana
Corpus Christi, Texas
Peoria, Arizona
San Jose, California
Norman, Oklahoma
Scottsdale, Arizona
Albuquerque, New Mexico
Colorado Springs, Colorado
Tulsa, Oklahoma
Huntsville, Alabama
Columbus, Georgia
Columbus, Ohio
Chicago, Illinois
Tucson, Arizona
Virginia Beach, Virginia
Macon, Georgia
El Paso, Texas
Louisville, Kentucky
Lexington, Kentucky
New York, New York
Augusta, Georgia
Charlotte, North Carolina
Austin, Texas
Kansas City, Missouri
Memphis, Tennessee
San Diego, California
Chesapeake, Virginia
Dallas, Texas
Fort Worth, Texas
Indianapolis, Indiana
San Antonio, Texas
Los Angeles, California
Nashville, Tennessee
Phoenix, Arizona
Oklahoma City, Oklahoma
Houston, Texas
Jacksonville, Florida
Anchorage, Alaska